TrackId,Milliseconds,Bytes,UnitPrice
1,343719,11170334,0.99
2,342562,5510424,0.99
3,230619,3990994,0.99
4,252051,4331779,0.99
2,252051,4331779,0.99
5,375418,6290521,0.99
6,205662,6713451,0.99
7,233926,7636561,0.99
8,210834,6852860,0.99
9,203102,6599424,0.99
10,263497,8611245,0.99
11,199836,6566314,0.99
12,263288,8596840,0.99
13,205688,6706347,0.99
14,270863,8817038,0.99
15,331180,10847611,0.99
16,215196,7032162,0.99
17,366654,12021261,0.99
18,267728,8776140,0.99
19,325041,10617116,0.99
20,369319,12066294,0.99
21,254380,8331286,0.99
22,323761,10547154,0.99
23,295680,9719579,0.99
24,321828,10552051,0.99
25,264698,8675345,0.99
26,310622,10144730,0.99
27,264855,8679940,0.99
28,330736,10869391,0.99
29,309263,10056995,0.99
30,356519,11616195,0.99
31,240718,7877453,0.99
32,215875,7074167,0.99
33,244375,7983270,0.99
34,316656,10402398,0.99
35,251036,8262039,0.99
36,307617,9989331,0.99
37,381231,12374569,0.99
38,284891,9375567,0.99
39,249234,8196916,0.99
40,188133,6145404,0.99
41,221570,7224246,0.99
42,176117,5793082,0.99
43,300355,9753256,0.99
44,239699,7824837,0.99
45,267493,8758008,0.99
46,280607,9163588,0.99
47,229825,7598866,0.99
48,227631,7604601,0.99
49,293485,9703359,0.99
50,491885,16008629,0.99
51,152084,4925362,0.99
52,286641,9310272,0.99
53,349831,11316328,0.99
54,241946,7847716,0.99
55,222955,7302550,0.99
56,387134,12575396,0.99
57,277577,8993793,0.99
58,284969,9216057,0.99
59,196231,6420530,0.99
60,344163,11183647,0.99
61,261955,8497788,0.99
62,243879,7937731,0.99
63,185338,5990473,0.99
64,285048,9348428,0.99
65,137273,4535401,0.99
66,169900,5536496,0.99
67,251977,8226934,0.99
68,129227,4198774,0.99
69,253178,8149148,0.99
70,134948,4393377,0.99
71,219663,7121735,0.99
72,169508,5574957,0.99
73,205662,6687994,0.99
74,126511,4110053,0.99
75,366837,12089673,0.99
76,271856,8719426,0.99
77,221701,7286305,0.99
78,436453,14375310,0.99
79,374543,12372536,0.99
80,322925,10422447,0.99
81,288208,9405526,0.99
82,308035,10110980,0.99
83,369345,12033110,0.99
84,350197,11406431,0.99
85,222380,5339931,0.99
86,277890,6672176,0.99
87,279457,6709793,0.99
88,249391,5988186,0.99
89,294034,7059624,0.99
90,263262,6321091,0.99
91,343457,8245793,0.99
92,334942,8041411,0.99
93,206053,4948095,0.99
94,206628,4961887,0.99
95,329534,7911634,0.99
96,303595,7289084,0.99
97,299598,7193162,0.99
98,317492,7622615,0.99
99,255529,8273592,0.99
100,291291,9506571,0.99
101,279484,9106160,0.99
102,255869,8357387,0.99
103,233691,7609178,0.99
104,276688,9006158,0.99
105,237714,7710800,0.99
106,233195,7542942,0.99
107,273763,8944205,0.99
108,278125,9003592,0.99
109,299102,9731988,0.99
110,309786,10029406,0.99
111,147591,2365897,0.99
112,106396,1707084,0.99
113,116088,1862126,0.99
114,161123,2582553,0.99
115,137639,2206986,0.99
116,140199,2247846,0.99
117,141923,2276788,0.99
118,163265,2616981,0.99
119,143595,2301989,0.99
120,143830,2306019,0.99
121,106266,1704918,0.99
122,107807,1299960,0.99
123,261851,8538199,0.99
124,456071,15075616,0.99
125,248084,8217867,0.99
126,294060,9714812,0.99
127,582086,19115680,0.99
128,318066,10630578,0.99
129,246151,8230661,0.99
130,274155,9018565,0.99
131,323683,10642901,0.99
132,246987,8137421,0.99
133,300747,9869647,0.99
134,235833,7726948,0.99
135,319373,10513905,0.99
136,273606,9011701,0.99
137,284081,9355309,0.99
138,247327,8130090,0.99
139,266266,8574746,0.99
140,282122,9257358,0.99
141,359157,11820932,0.99
142,555075,18041629,0.99
143,365662,11965109,0.99
144,194873,6417460,0.99
145,420022,13842549,0.99
146,276532,9115657,0.99
147,284368,9359475,0.99
148,271960,8975814,0.99
149,382066,12440200,0.99
150,264829,8646737,0.99
151,217573,7169049,0.99
152,368770,12029390,0.99
153,204930,6655170,0.99
154,644571,21128525,0.99
155,212062,6893363,0.99
156,494524,16065830,0.99
157,192496,6252071,0.99
158,286275,9175517,0.99
159,103157,3331776,0.99
160,285779,9245971,0.99
161,331676,10813386,0.99
162,234814,7653880,0.99
163,173087,5671374,0.99
164,149655,4884969,0.99
165,350458,11360486,0.99
166,47333,1549074,0.99
167,204251,6715413,0.99
168,4884,161266,0.99
169,317936,10489139,0.99
170,6373,211997,0.99
171,223216,7324125,0.99
172,11650,387360,0.99
173,173008,5709631,0.99
174,95738,3067064,0.99
175,300721,9875962,0.99
176,392254,12843821,0.99
177,350171,11443471,0.99
178,6635,224313,0.99
179,239020,7828873,0.99
180,166426,5463690,0.99
181,371539,12122946,0.99
182,281234,9337917,0.99
183,283167,9218499,0.99
184,246177,8022764,0.99
185,285257,9435693,0.99
186,269557,8854240,0.99
187,494393,16034404,0.99
188,265351,8627004,0.99
189,402390,13194463,0.99
190,359131,11820908,0.99
191,341655,11138147,0.99
192,509413,16545657,0.99
193,237531,7802095,0.99
194,140434,4604995,0.99
195,175386,5716994,0.99
196,433397,14184984,0.99
197,237662,7848282,0.99
198,235311,7685363,0.99
199,204721,6859518,0.99
200,136803,4456321,0.99
201,166060,5487056,0.99
202,182491,6022698,0.99
203,135053,4459946,0.99
204,589531,19161377,0.99
323,205479,6892516,0.99
324,198661,6643207,0.99
325,194194,6507950,0.99
326,188630,6327391,0.99
327,230791,7748006,0.99
328,206733,7034985,0.99
329,210155,6973625,0.99
330,190093,6457752,0.99
331,214256,7254147,0.99
332,210599,7027525,0.99
333,196519,6568081,0.99
334,206654,6931328,0.99
335,203493,6772813,0.99
336,166687,5532564,0.99
337,315951,10249958,0.99
338,263836,8581414,0.99
339,192653,6287257,0.99
340,401920,13035765,0.99
341,183327,5995686,0.99
342,260675,8497116,0.99
343,161149,5261022,0.99
344,312032,10232581,0.99
345,373394,12258175,0.99
346,127869,4165650,0.99
347,185260,6041133,0.99
348,380551,12377615,0.99
349,619467,20138673,0.99
350,711836,23092953,0.99
351,234553,7649679,0.99
352,359680,11731061,0.99
353,171284,5572993,0.99
354,183902,6007019,0.99
355,272561,8912465,0.99
356,144483,4728586,0.99
357,677694,22080051,0.99
358,88894,2922044,0.99
359,332878,10891682,0.99
360,276349,9402241,0.99
361,273920,9310370,0.99
362,282723,9616640,0.99
363,284969,9694508,0.99
364,284342,9721084,0.99
365,282488,9599937,0.99
366,283454,9633755,0.99
367,274808,9451845,0.99
368,287921,9883335,0.99
369,284160,9698729,0.99
370,248293,8522591,0.99
371,284708,9718778,0.99
372,281626,9619196,0.99
373,296254,10020122,0.99
408,155428,5076048,0.99
409,213995,6978601,0.99
410,380342,12418147,0.99
411,366524,11946327,0.99
412,149315,4867667,0.99
413,472764,15446975,0.99
414,671712,21942829,0.99
415,397531,13065612,0.99
416,305005,9943129,0.99
417,545750,17900787,0.99
418,287973,9378873,0.99
419,262608,8689618,0.99
420,236617,7739042,0.99
421,343745,11358573,0.99
422,241684,7876564,0.99
423,259108,8552861,0.99
424,387761,12664591,0.99
425,249417,8112242,0.99
426,249234,8150479,0.99
427,297691,9577577,0.99
428,273057,8921404,0.99
429,294974,9671923,0.99
430,248032,8192339,0.99
431,238994,7920353,0.99
432,220316,7255404,0.99
433,248920,8114582,0.99
434,263784,8526760,0.99
435,242599,7936928,0.99
436,218880,7146372,0.99
437,314148,10266007,0.99
438,216032,7109267,0.99
439,242468,7939886,0.99
440,196257,6424915,0.99
441,185077,6097210,0.99
442,216215,7045314,0.99
443,227291,7529336,0.99
444,214987,6976194,0.99
445,248346,8229734,0.99
446,271360,9018078,0.99
447,219742,7194424,0.99
448,255791,8309077,0.99
449,225332,7395034,0.99
450,166974,5360574,0.99
451,192496,6317021,0.99
452,173609,5735902,0.99
453,262243,8609783,0.99
454,207333,6801116,0.99
455,320444,10441590,0.99
456,273737,9098263,0.99
457,315219,10518284,0.99
458,295627,9765802,0.99
459,266866,8851060,0.99
460,273580,9070880,0.99
461,287634,9422926,0.99
462,296124,9848545,0.99
463,310778,10317185,0.99
464,316865,10429398,0.99
465,298135,9863942,0.99
466,288757,9480777,0.99
467,274259,9069394,0.99
468,167262,5484747,0.99
469,158354,5243078,0.99
470,234083,7714939,0.99
471,224208,7406008,0.99
472,181629,5951736,0.99
473,178364,5839426,0.99
474,134164,4425128,0.99
475,170997,5645755,0.99
476,135888,4408983,0.99
477,193149,6305550,0.99
478,90331,2950224,0.99
479,151170,4932366,0.99
480,135523,4431357,0.99
481,171546,5616891,0.99
482,153600,5075241,0.99
483,198164,6481753,0.99
484,170187,5604618,0.99
485,168803,5535061,0.99
486,221910,7343176,0.99
487,192757,6316430,0.99
488,213420,7075573,0.99
489,76303,2452653,0.99
490,439510,14359478,0.99
491,252551,8385478,0.99
492,347036,11269612,0.99
493,344999,11409720,0.99
494,291892,9425200,0.99
495,293015,9567075,0.99
496,391549,12785876,0.99
497,298631,9750990,0.99
498,359497,11810238,0.99
499,283585,9288007,0.99
500,239699,7803074,0.99
529,241057,7852328,0.99
530,287817,9484504,0.99
531,146938,4875374,0.99
532,177188,5798202,0.99
533,518556,16873005,0.99
534,125152,4069688,0.99
535,284813,9433620,0.99
536,195186,6411149,0.99
537,187794,6295223,0.99
538,170422,5637959,0.99
539,189257,6270503,0.99
540,222955,7346254,0.99
541,221831,7232123,0.99
542,382981,12495906,0.99
543,453955,14775708,0.99
544,277133,9050022,0.99
545,339173,11046952,0.99
546,233586,7608759,0.99
547,758648,24596235,0.99
548,618031,20103125,0.99
549,804101,26369966,0.99
550,253962,8348257,0.99
551,337084,11011286,0.99
552,666017,21676727,0.99
553,242494,7972503,0.99
554,336692,11154468,0.99
555,508604,16686580,0.99
570,353488,11769507,0.99
571,347820,11634337,0.99
572,285178,9394769,0.99
573,282827,9492487,0.99
574,298161,9867455,0.99
575,354899,11741062,0.99
576,262635,8664601,0.99
577,329064,10963305,0.99
578,276114,9206802,0.99
579,292832,9771348,0.99
580,291160,9599353,0.99
581,378618,12504234,0.99
582,747755,24703884,0.99
597,197459,6358868,0.99
598,193410,6222536,0.99
599,345025,11254474,0.99
600,231784,7548434,0.99
601,807392,26411634,0.99
602,357459,11590284,0.99
603,476003,15549224,0.99
604,277968,9018024,0.99
605,168777,5437017,0.99
606,200437,6461370,0.99
607,564009,18360449,0.99
608,233769,7593713,0.99
609,544078,17890773,0.99
610,907520,29416781,0.99
611,330684,11079866,0.99
612,473495,15478450,0.99
613,487392,16131272,0.99
614,843964,27967919,0.99
615,196101,6273225,0.99
616,316682,10529483,0.99
617,243461,7955114,0.99
618,220734,7292197,0.99
619,378775,12520126,0.99
620,1196094,39267613,0.99
621,913658,29846063,0.99
622,854700,27775442,0.99
623,763924,24887209,0.99
624,185965,5991903,0.99
625,348212,11204006,0.99
626,191555,6185636,0.99
627,187637,6034685,0.99
628,182726,5898810,0.99
629,179800,5846041,0.99
630,204199,6603153,0.99
631,201430,6529487,0.99
632,193149,6260820,0.99
633,179565,5822645,0.99
634,189596,6093124,0.99
635,194089,6287531,0.99
636,176222,5899898,0.99
637,163030,5432236,0.99
638,289306,9444385,0.99
639,282331,9244238,0.99
640,217025,7257663,0.99
641,280163,9209827,0.99
642,198556,6536918,0.99
643,199627,6546063,0.99
644,201560,6697510,0.99
645,191268,6359750,0.99
646,409965,13490008,0.99
647,392437,13125975,0.99
648,168437,5550356,0.99
649,170631,5676090,0.99
650,204956,6771624,0.99
651,219898,7117769,0.99
652,137482,4560873,0.99
653,226168,7541177,0.99
654,244297,7927967,0.99
655,162142,5371483,0.99
656,190667,6335548,0.99
657,179826,5932799,0.99
658,211748,6878359,0.99
659,212636,6923473,0.99
660,162560,5382354,0.99
675,275565,9043825,0.99
676,272091,8943000,0.99
677,189022,6229590,0.99
678,140146,4609835,0.99
679,191451,6260214,0.99
680,154279,5105874,0.99
681,162899,5354252,0.99
682,164858,5521804,0.99
683,140329,4617559,0.99
684,129358,4270414,0.99
685,149394,4899579,0.99
686,162429,5368701,0.99
687,186044,6156567,0.99
688,152946,5034670,0.99
689,213237,6924024,0.99
690,664894,21947845,0.99
691,160052,5263675,0.99
692,162847,5343807,0.99
693,175490,5716603,0.99
694,239360,7945235,0.99
695,281286,9302129,0.99
696,244114,7986637,0.99
697,316630,10361866,0.99
698,163604,5348175,0.99
699,218880,7209080,0.99
700,296385,9675875,0.99
701,190119,6211173,0.99
702,178181,5919224,0.99
703,176718,5807474,0.99
704,131918,4366455,0.99
705,253596,8297482,0.99
706,207804,6815126,0.99
707,140460,4633440,0.99
708,385619,12713813,0.99
709,228466,7432978,0.99
710,237374,7778319,0.99
711,163239,5390811,0.99
712,342804,11260814,0.99
713,209789,6933135,0.99
714,132832,4476563,0.99
745,235781,7644604,0.99
746,168202,5501379,0.99
747,218044,7176909,0.99
748,230922,7591066,0.99
749,263836,8701064,0.99
750,242834,8001505,0.99
751,188160,6173806,0.99
752,370102,11995679,0.99
753,319111,10447868,0.99
754,264385,8587578,0.99
755,256261,8344405,0.99
756,620460,20230089,0.99
757,478302,15563967,0.99
758,210259,6849310,0.99
759,274886,8993056,0.99
760,431203,13931179,0.99
761,204721,6714807,0.99
762,414902,13646606,0.99
763,247092,8072036,0.99
764,284682,9354480,0.99
765,322063,10638390,0.99
766,500427,16279366,0.99
767,385880,12643813,0.99
768,424829,13779332,0.99
769,307905,10035180,0.99
770,602880,19712753,0.99
771,243017,7929493,0.99
772,368770,12058906,0.99
773,321149,10445353,0.99
774,295053,9740361,0.99
775,293851,9575295,0.99
776,213054,6944928,0.99
777,464378,15180849,0.99
778,341185,11122183,0.99
779,368770,12012452,0.99
780,290455,9502646,0.99
781,303777,9903835,0.99
782,239830,7832790,0.99
783,340871,11246496,0.99
784,442096,14397671,0.99
785,272796,8981030,0.99
786,257384,8510755,0.99
787,359680,11702232,0.99
788,287791,9401383,0.99
789,451840,14789410,0.99
790,283689,9209693,0.99
791,320992,10532053,0.99
792,312372,10323804,0.99
793,311693,10159566,0.99
794,276323,9098561,0.99
795,354089,11600029,0.99
796,249443,8180421,0.99
797,283924,9299131,0.99
798,328385,10733847,0.99
799,342752,11191650,0.99
800,283977,9267550,0.99
801,314827,10224612,0.99
802,317126,10323804,0.99
803,227186,7328516,0.99
804,349335,11369671,0.99
805,257724,8382800,0.99
806,393691,12826582,0.99
807,246413,8044864,0.99
808,263862,8675026,0.99
809,270236,8818093,0.99
810,306860,10022428,0.99
811,201482,6554330,0.99
812,203755,6709579,0.99
813,267833,8772471,0.99
814,242886,7946614,0.99
815,193750,6315321,0.99
816,356963,11626228,0.99
817,240274,7792604,0.99
818,392437,12754921,0.99
819,247823,8072171,0.99
820,351033,11354742,0.99
821,334445,10874679,0.99
822,257462,8413103,0.99
823,276662,9076997,0.99
824,282226,9157021,0.99
825,278804,9068960,0.99
826,292519,9518842,0.99
827,248633,8108507,0.99
828,346853,11305791,0.99
829,296019,9724150,0.99
830,259787,8523388,0.99
831,244741,7985133,0.99
832,214021,6988128,0.99
833,247248,8092463,0.99
834,257280,8364633,0.99
835,220604,7130830,0.99
836,255660,8309725,0.99
837,322455,10522352,0.99
838,319320,10400020,0.99
839,248424,8150318,0.99
840,355056,11622738,0.99
841,272457,8853324,0.99
842,321358,10653494,0.99
843,423653,14176083,0.99
844,319373,10602166,0.99
845,368875,12059507,0.99
846,368953,12287103,0.99
847,272039,9032315,0.99
848,659226,21685807,0.99
849,346932,11394473,0.99
850,360411,11994859,0.99
891,430733,14115792,0.99
892,163552,5322942,0.99
893,174576,5725684,0.99
894,252891,8225889,0.99
895,253335,8273540,0.99
896,167810,5489787,0.99
897,301583,9872606,0.99
898,304744,9946681,0.99
899,215928,7138399,0.99
900,263862,8738973,0.99
901,191320,6460941,0.99
902,208143,6896288,0.99
903,231732,7774207,0.99
904,264411,8758819,0.99
905,221387,7326923,0.99
906,297064,9742568,0.99
907,180401,6006154,0.99
908,249730,8271980,0.99
909,193515,6475042,0.99
910,224339,7456807,0.99
911,196466,6543487,0.99
912,274729,9032835,0.99
913,328724,10894406,0.99
914,231836,7669922,0.99
915,285387,9490542,0.99
916,378984,12536275,0.99
917,226429,7435192,0.99
918,222406,7412975,0.99
919,203363,6724021,0.99
920,216528,7096781,0.99
921,472920,15780747,0.99
922,251768,8407355,0.99
923,204303,6656596,0.99
924,270106,8861119,0.99
925,251663,8221247,0.99
926,128757,4225077,0.99
927,326217,10753135,0.99
928,228493,7505887,0.99
929,217391,7093746,0.99
930,209867,6887544,0.99
931,140852,4643227,0.99
932,257253,8436300,0.99
933,119040,3898976,0.99
934,232698,7497361,0.99
935,223921,7353567,0.99
936,267937,8747367,0.99
937,263235,8628841,0.99
938,223242,7288162,0.99
939,310831,10180103,0.99
940,273658,9010917,0.99
941,241371,7900683,0.99
942,270680,8853647,0.99
943,222432,7298027,0.99
944,297168,9733572,0.99
945,279144,9162435,0.99
946,398341,12926140,0.99
947,251924,8242626,0.99
948,185835,6073008,0.99
949,137482,4524972,0.99
950,269400,8808812,0.99
951,293590,9626136,0.99
952,209319,6908609,0.99
953,203807,6747658,0.99
954,222902,7388369,0.99
955,242102,8029054,0.99
956,186435,6224997,0.99
957,185129,6109259,0.99
958,298997,9779971,0.99
959,395859,13163733,0.99
960,158275,5203430,0.99
961,267833,8736776,0.99
962,336666,11031254,0.99
963,181995,5929427,0.99
964,202527,6587802,0.99
965,294008,9631296,0.99
966,316055,10333123,0.99
967,147226,4823036,0.99
968,360881,11835367,0.99
969,493635,16233080,0.99
970,231993,7634387,0.99
971,223764,7355898,0.99
972,340532,11174250,0.99
973,464770,15267802,0.99
974,250357,8235607,0.99
989,230191,7468463,0.99
990,196675,6421400,0.99
991,255712,8363467,0.99
992,252186,8232342,0.99
993,117080,3819255,0.99
994,199523,6496742,0.99
995,278700,9109340,0.99
996,288731,9416186,0.99
997,238419,7735473,0.99
998,352078,11395296,0.99
999,313182,10323157,0.99
1000,302994,9929799,0.99
1001,209684,6877994,0.99
1002,265848,8752670,0.99
1003,193280,6355088,0.99
1004,316264,10428382,0.99
1005,271908,9071997,0.99
1006,229198,7494639,0.99
1007,200724,6596617,0.99
1008,293276,9721373,0.99
1009,263653,8665545,0.99
1010,268120,8847196,0.99
1011,298057,9729292,0.99
1012,266370,8624691,0.99
1013,273528,8919111,0.99
1014,311353,10094743,0.99
1015,306442,10026371,0.99
1016,277185,9022628,0.99
1017,270550,8793187,0.99
1018,298396,9678073,0.99
1019,469968,15371980,0.99
1020,83487,2702572,0.99
1021,231523,7527531,0.99
1022,248528,8079480,0.99
1023,213446,6973746,0.99
1024,152163,4950667,0.99
1025,135732,4406227,0.99
1026,260101,8472365,0.99
1027,146782,4888173,0.99
1028,157387,5169280,0.99
1029,289306,9344875,0.99
1030,250749,8270816,0.99
1031,303856,9898992,0.99
1032,342230,11205664,0.99
1073,219454,7469735,0.99
1074,247928,8393047,0.99
1075,261041,8660617,0.99
1076,222275,7349779,0.99
1077,200437,6638563,0.99
1078,217051,7387183,0.99
1079,204695,6937472,0.99
1080,199653,6625000,0.99
1081,191660,6340649,0.99
1082,271020,9098093,0.99
1083,148636,4888292,0.99
1084,209136,6899062,0.99
1085,260963,8518290,0.99
1086,32287,1039615,0.99
1102,356101,11998470,0.99
1103,294530,9819276,0.99
1104,265273,8914579,0.99
1121,259213,8511877,0.99
1122,216006,6992417,0.99
1123,260022,8455835,0.99
1124,248607,8075050,0.99
1125,246125,8017041,0.99
1126,260884,8513891,0.99
1127,247170,8059642,0.99
1128,252760,8276372,0.99
1129,251454,8206611,0.99
1130,239516,7803270,0.99
1131,89547,3035251,0.99
1132,274834,9172976,0.99
1133,174419,5705793,0.99
1134,548336,17875209,0.99
1135,232724,7599602,0.99
1136,260858,8485122,0.99
1137,163004,5328329,0.99
1138,175307,5716589,0.99
1139,205871,6752485,0.99
1140,120528,3901226,0.99
1141,214021,6975177,0.99
1142,246151,7980902,0.99
1143,285753,9325597,0.99
1144,558602,18139840,0.99
1145,252316,8244843,0.99
1146,273552,4538451,0.99
1147,202824,3394019,0.99
1148,268537,4457283,0.99
1149,263893,4382147,0.99
1150,228924,3816323,0.99
1151,406347,6687123,0.99
1152,219961,3671299,0.99
1153,231640,3860275,0.99
1154,356424,5879347,0.99
1155,197135,3301971,0.99
1156,206400,3451891,0.99
1157,375349,6185539,0.99
1158,182321,3175950,0.99
1159,298374,5053742,0.99
1160,184016,3203390,0.99
1161,284744,4833259,0.99
1162,143637,2550030,0.99
1163,156268,2754414,0.99
1164,328282,5537678,0.99
1165,303436,5135662,0.99
1166,203637,3520862,0.99
1167,537540,8923566,0.99
1168,322175,5438862,0.99
1169,161539,2839694,0.99
1170,318901,5385886,0.99
1171,268351,4567966,0.99
1172,257600,4394014,0.99
1173,616511,10201342,0.99
1174,461165,15046579,0.99
1175,261355,8543664,0.99
1176,196205,6398489,0.99
1177,336457,10986716,0.99
1178,341054,11134105,0.99
1179,203206,6623916,0.99
1180,424960,13978284,0.99
1181,287477,9408754,0.99
1182,522396,17236842,0.99
1183,246491,8039484,0.99
1184,563800,18343787,0.99
1185,343875,11207355,0.99
1186,284238,9222458,0.99
1187,84532,2764045,0.99
1188,361012,12055329,0.99
1189,251585,8419165,0.99
1190,321123,10720741,0.99
1191,396460,13075359,0.99
1192,242390,8053997,0.99
1193,330997,11083374,0.99
1194,249756,8241177,0.99
1195,259970,8593143,0.99
1196,379167,12511939,0.99
1197,355395,11865384,0.99
1198,367647,12201595,0.99
1199,528666,17617944,0.99
1200,377155,12491122,0.99
1201,258692,4383764,0.99
1202,412152,6883500,0.99
1203,526255,8721490,0.99
1204,307593,5172144,0.99
1205,467810,7785748,0.99
1206,336896,5647303,0.99
1207,442106,7367736,0.99
1208,564893,9367328,0.99
1209,444614,7393698,0.99
1210,562966,9314287,0.99
1211,431262,7205816,0.99
1212,294635,4718897,0.99
1213,235311,3766272,0.99
1214,255634,4091904,0.99
1215,265874,4255744,0.99
1216,352731,5648438,0.99
1217,289358,4630528,0.99
1218,293250,4694016,0.99
1219,228937,3663872,0.99
1220,237557,3803136,0.99
1221,337423,5400576,0.99
1222,324623,5195776,0.99
1223,471849,7550976,0.99
1224,196911,3151872,0.99
1225,259866,4159488,0.99
1226,282488,4521984,0.99
1227,347846,5566464,0.99
1228,249469,3993600,0.99
1229,325929,5216256,0.99
1230,407980,6529024,0.99
1231,317727,5085184,0.99
1232,448574,7178240,0.99
1233,269871,4319232,0.99
1234,431333,6906078,0.99
1235,275539,11022464,0.99
1236,410070,16404608,0.99
1237,378984,15161472,0.99
1238,434442,17379456,0.99
1239,282488,11300992,0.99
1240,561162,22448256,0.99
1241,240718,9629824,0.99
1242,546115,21846144,0.99
1243,385541,15423616,0.99
1244,506801,20273280,0.99
1256,204512,8181888,0.99
1257,218357,8739038,0.99
1258,416496,16664589,0.99
1259,335307,13414528,0.99
1260,280607,11225216,0.99
1261,350981,14041216,0.99
1262,294112,11765888,0.99
1263,217443,8700032,0.99
1264,234605,9386112,0.99
1265,188786,7553152,0.99
1266,339748,13594678,0.99
1267,436976,17483789,0.99
1268,236173,5668992,0.99
1269,196284,4712576,0.99
1270,328620,7889024,0.99
1271,197276,4739122,0.99
1272,428016,10276872,0.99
1273,259343,6226048,0.99
1274,332460,7981184,0.99
1275,252708,6066304,0.99
1276,216058,5189891,0.99
1289,366550,8799380,0.99
1290,268878,6455255,0.99
1291,371826,8926021,0.99
1292,229982,5521744,0.99
1293,789472,18949518,0.99
1294,454974,10921567,0.99
1295,275121,6605094,0.99
1296,451422,10836304,0.99
1297,261955,6289117,0.99
1298,231627,5561241,0.99
1299,204617,4912986,0.99
1305,233142,5599853,0.99
1306,294008,7060625,0.99
1307,174106,4182963,0.99
1308,284447,6831163,0.99
1309,213106,5118995,0.99
1310,336953,8091301,0.99
1311,247640,5947795,0.99
1312,478145,11479913,0.99
1313,412525,9905048,0.99
1314,431542,10361452,0.99
1315,376711,9045532,0.99
1316,262426,6302648,0.99
1317,440555,10577743,0.99
1318,235859,5665052,0.99
1319,338233,8122030,0.99
1320,494602,11874875,0.99
1321,447791,10751410,0.99
1322,232672,5588560,0.99
1323,318511,7648679,0.99
1324,474017,11380851,0.99
1325,255582,4089856,0.99
1326,229459,3672064,0.99
1327,263941,4225024,0.99
1328,254197,4071587,0.99
1329,250853,4018088,0.99
1330,258768,4141056,0.99
1331,275408,4407296,0.99
1332,247510,3960832,0.99
1333,284238,4548608,0.99
1334,332617,5322752,0.99
1335,369554,5914624,0.99
1336,408607,6539264,0.99
1337,230269,3686400,0.99
1338,325694,5212160,0.99
1339,251454,4024320,0.99
1340,294347,4710400,0.99
1341,221309,3543040,0.99
1342,206367,3306324,0.99
1343,445283,7129264,0.99
1344,269531,6472088,0.99
1345,359810,8638809,0.99
1346,252891,6074756,0.99
1347,242729,5828861,0.99
1348,366471,8800686,0.99
1349,320548,7696518,0.99
1350,407823,9791106,0.99
1351,816509,19599577,0.99
1352,115931,4638848,0.99
1353,281782,11272320,0.99
1354,408607,16345216,0.99
1355,366785,14676148,0.99
1356,185808,7434368,0.99
1357,386821,15474816,0.99
1358,435513,17422464,0.99
1359,649116,25966720,0.99
1360,282697,11309184,0.99
1361,273528,10942592,0.99
1362,578324,23134336,0.99
1363,559203,22370432,0.99
1364,280737,11231360,0.99
1365,460695,18430080,0.99
1366,351869,14076032,0.99
1367,300434,12022107,0.99
1368,443977,17760384,0.99
1369,317335,12695680,0.99
1370,292179,11688064,0.99
1371,340767,8179151,0.99
1372,369005,8858669,0.99
1373,211043,5067867,0.99
1374,273998,6578930,0.99
1375,593580,14249000,0.99
1376,305475,7334450,0.99
1377,267023,6411510,0.99
1378,280894,6744431,0.99
1379,445779,10701149,0.99
1380,307565,7384358,0.99
1381,341995,8210695,0.99
1382,441417,10596431,0.99
1383,344502,8270899,0.99
1384,515631,12377742,0.99
1385,296176,7113035,0.99
1386,391314,9393598,0.99
1387,395572,5542516,0.99
1388,274364,3845631,0.99
1389,228440,3202866,0.99
1390,428669,6006107,0.99
1391,203180,2849181,0.99
1392,228884,3209124,0.99
1393,293407,11737216,0.99
1394,361299,5062906,0.99
1395,678008,27121792,0.99
1396,303699,12148864,0.99
1397,253413,10137728,0.99
1398,443977,17760384,0.99
1399,310230,12411008,0.99
1400,380786,15233152,0.99
1401,312476,12501120,0.99
1402,357799,14313600,0.99
1403,399333,15974528,0.99
1404,337658,13511087,0.99
1405,490422,19617920,0.99
1406,175777,7032960,0.99
1407,592744,23711872,0.99
1408,290377,11616384,0.99
1409,539689,21592327,0.99
1410,377312,15093888,0.99
1411,404767,16191616,0.99
1412,483657,19347584,0.99
1413,330292,13213824,0.99
1434,230635,7655482,0.99
1435,365818,12391660,0.99
1436,275879,9301687,0.99
1437,293093,9848207,0.99
1438,383033,12870239,0.99
1439,245263,8117218,0.99
1440,247222,8249453,0.99
1441,512339,17089176,0.99
1442,616829,20816872,0.99
1443,157100,5263555,0.99
1455,529684,17582818,0.99
1456,257097,8644290,0.99
1457,289854,9577679,0.99
1458,354560,11796244,0.99
1459,382197,12676962,0.99
1460,309995,10334529,0.99
1461,329534,11043559,0.99
1462,422321,14019705,0.99
1463,322455,10843832,0.99
1464,384130,12777210,0.99
1465,385697,12906520,0.99
1466,112352,3683130,0.99
1467,213890,6992324,0.99
1468,196702,6406517,0.99
1469,230974,7517083,0.99
1470,247719,8043765,0.99
1471,260623,8519353,0.99
1472,272117,8871509,0.99
1473,176274,5729098,0.99
1474,243278,7929610,0.99
1475,270497,8872405,0.99
1476,142889,4643370,0.99
1477,282174,9186285,0.99
1478,270341,8856507,0.99
1479,199340,6480896,0.99
1480,222302,7289272,0.99
1481,224130,7285851,0.99
1482,153077,4987068,0.99
1483,193123,6329408,0.99
1484,235311,7661214,0.99
1485,191216,6240028,0.99
1486,164989,5383075,0.99
1487,404453,13186975,0.99
1488,168150,5509613,0.99
1489,254537,8292497,0.99
1490,210259,6870054,0.99
1491,216293,7002331,0.99
1492,171572,5597056,0.99
1493,196388,6398044,0.99
1494,200463,6540638,0.99
1495,212453,6887949,0.99
1496,263707,4418504,0.99
1497,239721,4036215,0.99
1498,314768,5232158,0.99
1499,202035,3435777,0.99
1500,193560,3300654,0.99
1501,108435,1944738,0.99
1502,209071,3548553,0.99
1503,288227,4809279,0.99
1504,102630,1851753,0.99
1505,337570,5595557,0.99
1532,284107,9632269,0.99
1533,190484,6400532,0.99
1534,230582,7764601,0.99
1535,182308,6056200,0.99
1536,241084,8077282,0.99
1537,270628,9081874,0.99
1538,251768,8452654,0.99
1539,269008,8871455,0.99
1540,213263,7257390,0.99
1541,118804,3948371,0.99
1542,203415,6774566,0.99
1543,208457,7104588,0.99
1544,180924,6031174,0.99
1545,220891,7248336,0.99
1546,205792,6720789,0.99
1547,213289,7056785,0.99
1548,144195,4728246,0.99
1549,197328,6509179,0.99
1550,276427,9006022,0.99
1551,41900,1351993,0.99
1552,222197,7231368,0.99
1553,305162,9962558,0.99
1554,335542,11068866,0.99
1555,265952,8713599,0.99
1556,249939,8198617,0.99
1557,290664,9390646,0.99
1558,292179,9554023,0.99
1559,219350,7163147,0.99
1560,430942,14067512,0.99
1561,282253,9190536,0.99
1562,172068,5661120,0.99
1563,198060,6528719,0.99
1564,217652,7167523,0.99
1565,193619,6343111,0.99
1566,226377,7488191,0.99
1567,254354,8375190,0.99
1568,177815,5832524,0.99
1569,200594,6560818,0.99
1570,146494,4817521,0.99
1571,369815,12086145,0.99
1572,283898,9290948,0.99
1573,312450,10292829,0.99
1574,170187,5577807,0.99
1575,222354,7351460,0.99
1576,259631,8549296,0.99
1577,201247,6457766,0.99
1578,316081,10179657,0.99
1579,416365,13471959,0.99
1580,317622,10267572,0.99
1581,1116734,36052247,0.99
1582,529658,17050485,0.99
1583,234605,7646749,0.99
1584,343431,11248455,0.99
1585,825103,26742545,0.99
1586,398262,12831826,0.99
1587,157570,5180975,0.99
1588,182491,6016220,0.99
1589,258168,8437098,0.99
1590,270785,8712499,0.99
1591,215954,7079588,0.99
1592,307226,10078197,0.99
1593,258925,8557447,0.99
1594,330004,10701590,0.99
1595,330004,10708950,0.99
1596,459180,15029875,0.99
1597,290089,9552829,0.99
1598,197407,6460212,0.99
1599,223216,7250104,0.99
1600,262948,8645935,0.99
1601,420493,13656517,0.99
1602,271098,8846469,0.99
1603,410566,13399734,0.99
1604,254406,8420427,0.99
1605,372950,12371433,0.99
1606,197198,6536167,0.99
1607,634435,20858315,0.99
1608,356284,11684862,0.99
1609,329639,10737665,0.99
1610,296672,9660588,0.99
1611,220917,7142127,0.99
1612,351555,11525689,0.99
1613,481619,15706767,0.99
1614,278857,9092799,0.99
1615,284447,9481301,0.99
1616,215693,7068737,0.99
1617,427702,13912107,0.99
1618,166164,5464077,0.99
1619,401475,13189312,0.99
1620,388179,12643067,0.99
1621,386063,12610326,0.99
1622,274860,9011653,0.99
1623,132702,4440602,0.99
1624,150230,4899554,0.99
1625,282671,9252733,0.99
1626,508055,16541364,0.99
1627,334471,11026243,0.99
1628,287973,9369385,0.99
1629,379141,12463496,0.99
1630,287791,9337392,0.99
1631,253988,8387560,0.99
1632,159216,5219819,0.99
1633,275591,9199710,0.99
1634,260728,8664210,0.99
1635,259970,8494731,0.99
1636,144875,4786461,0.99
1637,233560,7694220,0.99
1638,209528,6871078,0.99
1639,444055,14482460,0.99
1640,246047,8060350,0.99
1641,296228,9757151,0.99
1642,189675,6200893,0.99
1643,337345,11202499,0.99
1644,259500,8674508,0.99
1645,219376,7236640,0.99
1646,526785,17033046,0.99
1647,126641,4150746,0.99
1648,316186,10371282,0.99
1649,393116,12756366,0.99
1650,217547,7160647,0.99
1651,249887,8180988,0.99
1652,233273,7657086,0.99
1653,273084,8951732,0.99
1654,283036,9279263,0.99
1655,625502,20593955,0.99
1656,384391,12633382,0.99
1657,179591,5930027,0.99
1658,376215,12237859,0.99
1659,252055,8397423,0.99
1660,284107,9342342,0.99
1661,566752,18475264,0.99
1662,242442,7897065,0.99
1663,230034,7478487,0.99
1664,353358,11465033,0.99
1665,505808,16273705,0.99
1666,1612329,52490554,0.99
1667,749897,24399285,0.99
1668,657293,21354766,0.99
1669,766354,25345841,0.99
1670,863895,28191437,0.99
1702,211591,6905135,0.99
1703,221962,7322085,0.99
1704,204199,6680312,0.99
1705,228989,7490476,0.99
1706,242703,8078936,0.99
1707,273815,8937150,0.99
1708,230321,7668084,0.99
1709,261773,8538023,0.99
1710,259683,8447611,0.99
1711,232515,7593397,0.99
1712,190354,6222092,0.99
1713,257123,8477980,0.99
1714,295131,9661978,0.99
1715,342648,11298085,0.99
1716,290899,9531301,0.99
1745,134739,4334038,0.99
1746,234605,7716005,0.99
1747,153417,4999814,0.99
1748,356493,11791068,0.99
1749,366053,11893723,0.99
1750,133093,4378835,0.99
1751,112875,3741319,0.99
1752,569704,18578995,0.99
1753,272796,9015366,0.99
1754,143595,4711776,0.99
1791,222171,7366142,0.99
1792,225410,7408652,0.99
1793,216320,7139814,0.99
1794,216476,7107625,0.99
1795,408163,13314900,0.99
1796,202396,6682850,0.99
1797,273371,8979965,0.99
1798,278465,9110403,0.99
1799,198008,6560753,0.99
1800,362004,11829011,0.99
1801,332251,10852002,0.99
1802,324754,10541258,0.99
1803,227892,7462011,0.99
1804,387082,12646886,0.99
1805,404323,13161169,0.99
1806,240483,7827907,0.99
1807,244375,8024047,0.99
1808,388832,12606241,0.99
1809,256835,8339785,0.99
1810,308610,10055959,0.99
1811,409547,13293515,0.99
1812,234240,7654052,0.99
1813,398315,12977902,0.99
1814,403435,13215133,0.99
1815,295418,9688418,0.99
1816,190406,6233729,0.99
1817,209972,6854313,0.99
1818,470256,15387219,0.99
1819,216685,7090018,0.99
1820,341551,11100130,0.99
1821,265769,8624492,0.99
1822,137717,4514830,0.99
1823,189152,6162894,0.99
1824,183693,6021197,0.99
1825,245133,7971330,0.99
1826,220212,7212997,0.99
1827,292127,9556060,0.99
1828,192052,6276291,0.99
1829,257541,8357088,0.99
1830,433188,14178138,0.99
1831,188395,6153933,0.99
1832,281573,9135755,0.99
1833,254955,8234710,0.99
1834,249208,8102839,0.99
1835,302053,9817143,0.99
1836,386795,12672166,0.99
1837,415817,13452301,0.99
1838,311327,10141785,0.99
1839,304457,9931015,0.99
1840,328254,10732251,0.99
1841,398942,13005152,0.99
1842,269740,8837394,0.99
1843,328097,10681477,0.99
1844,261982,8540298,0.99
1845,497998,16249420,0.99
1846,294347,9648615,0.99
1847,240065,7854349,0.99
1848,237296,7762300,0.99
1849,319764,10508310,0.99
1850,351738,11486686,0.99
1851,317204,10390947,0.99
1852,588721,19286261,0.99
1853,312424,10229577,0.99
1854,515239,16893720,0.99
1855,396199,12952368,0.99
1856,387186,12679965,0.99
1857,496718,16135560,0.99
1858,347428,11310434,0.99
1859,500062,16378477,0.99
1860,330919,10725029,0.99
1861,269557,8876811,0.99
1862,279353,9110730,0.99
1863,318955,10414832,0.99
1864,395520,12886474,0.99
1865,322899,10549070,0.99
1866,313103,10199789,0.99
1867,372480,12170693,0.99
1868,245394,8019586,0.99
1869,414380,13571280,0.99
1870,365061,12009412,0.99
1871,457639,14855583,0.99
1872,315898,10335734,0.99
1873,496065,16190041,0.99
1874,285753,9420856,0.99
1875,397740,13055884,0.99
1876,311719,10159725,0.99
1877,414824,13531954,0.99
1878,244532,7975942,0.99
1879,264359,8652332,0.99
1880,396878,12955593,0.99
1881,534883,17486240,0.99
1882,350458,11510849,0.99
1883,441234,14363779,0.99
1884,505626,16557497,0.99
1885,324989,10670604,0.99
1886,510197,16591800,0.99
1887,345626,11253756,0.99
1888,430210,14093551,0.99
1889,327235,10616595,0.99
1890,429479,14014582,0.99
1891,314017,10232537,0.99
1892,527986,17162741,0.99
1893,403382,13254874,0.99
1894,585769,19262088,0.99
1895,385828,12747894,0.99
1896,446484,14695721,0.99
1897,395389,13013990,0.99
1898,345547,11377339,0.99
1899,464039,15198986,0.99
1900,588564,19243795,0.99
1901,313991,10302828,0.99
1902,207725,6776219,0.99
1903,233534,7505275,0.99
1904,214961,6977626,0.99
1905,268016,8581144,0.99
1906,209893,6807707,0.99
1907,318328,10218398,0.99
1908,276871,8980400,0.99
1909,168594,5395412,0.99
1910,134191,4293394,0.99
1911,191320,6219487,0.99
1912,196388,6382079,0.99
1913,212558,6900619,0.99
1914,309786,9912387,0.99
1915,192078,6254796,0.99
1942,169926,5523552,0.99
1943,203546,6616389,0.99
1944,160026,5175327,0.99
1945,217626,7102182,0.99
1946,203337,6643350,0.99
1947,192600,6283035,0.99
1948,164675,5416114,0.99
1949,213916,6983609,0.99
1950,158432,5155099,0.99
1951,98115,3195536,0.99
1952,258403,8393310,0.99
1953,168071,5543267,0.99
1954,176457,5805241,0.99
1955,169926,5557002,0.99
1956,180427,5828728,0.99
1957,234788,7706552,0.99
1958,255373,8366846,0.99
1959,234684,7790574,0.99
1960,219271,7213072,0.99
1961,206811,6819584,0.99
1962,252682,8369029,0.99
1963,194873,6501520,0.99
1964,245681,8094872,0.99
1965,238288,8006345,0.99
1966,249495,8362040,0.99
1967,274625,8929357,0.99
1968,39131,1287083,0.99
1969,266814,8666786,0.99
1970,269844,8789966,0.99
1971,270288,8874814,0.99
1972,283559,9237736,0.99
1973,276767,9116997,0.99
1974,340114,11184094,0.99
1975,282618,9281875,0.99
1976,254511,8283958,0.99
1977,236904,7697538,0.99
1978,248006,8077464,0.99
1979,279980,9188156,0.99
1980,268956,8738371,0.99
1981,206837,6735408,0.99
1982,286197,9421164,0.99
1983,200829,6580542,0.99
1984,240979,7831122,0.99
1985,221962,7281974,0.99
1986,52218,1688527,0.99
1987,160235,5234885,0.99
1988,215196,7013175,0.99
1989,271516,8862545,0.99
1990,287190,9425215,0.99
1991,127555,4170369,0.99
1992,250017,8148800,0.99
1993,116218,3784567,0.99
1994,190354,6186487,0.99
1995,211200,6898177,0.99
1996,281887,9210982,0.99
1997,225724,7406945,0.99
1998,163761,5354854,0.99
1999,149995,4885331,0.99
2000,208378,6759080,0.99
2001,115591,3753246,0.99
2002,216346,7096936,0.99
2003,301296,9823847,0.99
2004,254928,8327077,0.99
2005,219219,7123357,0.99
2006,183928,5984812,0.99
2007,256992,8404745,0.99
2008,177031,5788407,0.99
2009,143281,4613880,0.99
2010,223973,7273440,0.99
2011,156786,5093635,0.99
2012,212636,6956404,0.99
2013,196440,6390635,0.99
2014,230556,7472168,0.99
2015,96888,3124455,0.99
2016,209188,6842244,0.99
2017,223033,7354184,0.99
2018,161253,5284522,0.99
2019,267075,8784141,0.99
2020,233743,7627348,0.99
2021,262791,8640121,0.99
2022,217521,7158975,0.99
2023,258351,8469531,0.99
2024,284160,9188110,0.99
2025,306625,9949269,0.99
2026,330292,10706614,0.99
2027,329795,10784595,0.99
2028,214831,7031383,0.99
2029,199105,6517629,0.99
2093,257252,4601224,0.99
2094,312980,5525339,0.99
2095,295960,5255083,0.99
2096,290851,5179599,0.99
2097,251586,4302390,0.99
2098,444358,7362964,0.99
2099,283088,9207869,0.99
2100,322716,10517408,0.99
2101,308897,10003794,0.99
2102,344241,11184130,0.99
2103,261224,8481822,0.99
2104,349440,11367866,0.99
2105,485720,15945806,0.99
2106,467069,15119938,0.99
2107,172120,5609799,0.99
2108,357067,11626740,0.99
2109,176352,5729813,0.99
2110,334393,10841337,0.99
2111,249208,8095199,0.99
2112,261302,8555963,0.99
2113,240796,7951688,0.99
2114,373394,12198930,0.99
2115,232359,7594829,0.99
2116,405028,13170391,0.99
2117,262112,8603372,0.99
2118,336535,10999203,0.99
2119,230896,7598019,0.99
2120,318511,10396315,0.99
2121,321619,10525136,0.99
2122,345626,11249456,0.99
2123,335699,10990880,0.99
2124,246465,8087944,0.99
2125,330266,10939131,0.99
2126,281469,9295950,0.99
2127,328228,10867860,0.99
2128,383764,12727928,0.99
2129,120816,3884133,0.99
2130,212297,6928259,0.99
2131,340767,11064884,0.99
2132,205087,6572813,0.99
2133,279693,9335453,0.99
2134,214909,6920451,0.99
2135,180166,5851053,0.99
2136,221596,7253729,0.99
2137,203911,6638076,0.99
2138,186723,6179777,0.99
2139,170396,5499390,0.99
2140,309995,10009697,0.99
2141,240274,7782963,0.99
2142,258638,8360999,0.99
2143,189936,6139651,0.99
2144,326426,10577976,0.99
2145,198844,6423543,0.99
2146,199706,6483496,0.99
2147,418168,13585530,0.99
2148,235232,7600077,0.99
2149,305293,9991106,0.99
2150,233613,7678347,0.99
2151,223764,7364206,0.99
2152,407484,13420697,0.99
2153,229328,7509304,0.99
2154,122801,3957141,0.99
2155,148192,4817665,0.99
2156,161541,5290810,0.99
2157,242991,7944923,0.99
2158,317100,10394239,0.99
2159,343222,11245109,0.99
2160,278595,9107017,0.99
2161,225462,7377286,0.99
2162,246204,8019563,0.99
2163,415712,13580009,0.99
2164,377652,12360893,0.99
2165,234344,7610169,0.99
2166,209188,6885908,0.99
2167,139990,4574516,0.99
2168,270341,8817438,0.99
2169,263235,8656578,0.99
2170,216555,7074973,0.99
2171,184398,6066542,0.99
2172,178573,5858788,0.99
2173,249547,8158204,0.99
2174,53733,1731020,0.99
2175,225567,7393771,0.99
2176,329743,10768701,0.99
2177,428643,14006924,0.99
2178,219428,7215713,0.99
2179,230112,7609110,0.99
2180,276453,9016789,0.99
2181,231888,7588928,0.99
2182,195108,6383772,0.99
2183,215719,7086901,0.99
2184,250226,8201437,0.99
2185,270863,8938409,0.99
2186,158589,5223345,0.99
2187,161253,5375818,0.99
2188,215092,7033002,0.99
2189,237479,7849757,0.99
2190,251010,8197219,0.99
2191,65593,2099421,0.99
2192,277655,9104728,0.99
2193,231758,7561555,0.99
2194,293720,9622017,0.99
2195,341080,11176623,0.99
2196,200254,6539287,0.99
2197,343823,11213314,0.99
2198,318981,10447222,0.99
2199,162194,5282368,0.99
2200,210520,6877475,0.99
2201,299154,9740738,0.99
2202,258324,8432497,0.99
2203,546063,17802673,0.99
2204,193123,6351920,0.99
2205,169325,5503459,0.99
2206,235598,7824586,0.99
2207,206968,6772116,0.99
2208,215510,7034500,0.99
2209,359262,12037261,0.99
2210,170631,5551478,0.99
2211,284186,9321053,0.99
2212,255425,8341934,0.99
2213,196336,6499398,0.99
2214,189257,6191560,0.99
2215,302053,9756133,0.99
2229,234213,7631305,0.99
2230,214595,7206300,0.99
2231,425195,13955426,0.99
2232,284055,9147563,0.99
2233,391888,12930070,0.99
2234,461035,15000299,0.99
2235,205740,6707989,0.99
2236,230556,7497655,0.99
2237,125361,4065299,0.99
2238,315637,10426550,0.99
2239,172591,5723677,0.99
2240,151536,4991935,0.99
2241,29048,967098,0.99
2242,165146,5407744,0.99
2243,213263,7108200,0.99
2244,202631,6642753,0.99
2245,171964,5683369,0.99
2246,185103,6009946,0.99
2247,100858,3304738,0.99
2248,197485,6529041,0.99
2249,202004,6684160,0.99
2250,121808,4116536,0.99
2251,205923,6806900,0.99
2252,121704,3947664,0.99
2253,410409,13559173,0.99
2254,358948,11619868,0.99
2255,216946,7172355,0.99
2256,182099,5967749,0.99
2257,204695,6630041,0.99
2258,183823,6012409,0.99
2259,172225,5602173,0.99
2260,211826,6896666,0.99
2261,228832,7444624,0.99
2262,164231,5435501,0.99
2263,297351,9650520,0.99
2264,255346,8328312,0.99
2265,175960,5747506,0.99
2266,213368,6915832,0.99
2267,168489,5464986,0.99
2268,170553,5539957,0.99
2269,122880,4026955,0.99
2270,180950,5880231,0.99
2271,122671,4026815,0.99
2272,182883,5939794,0.99
2273,207386,6642685,0.99
2274,190119,6144878,0.99
2275,275356,8936992,0.99
2276,184737,6078001,0.99
2277,231235,7509333,0.99
2278,187428,6099840,0.99
2279,186958,6292969,0.99
2280,386194,12519388,0.99
2281,206471,6691838,0.99
2282,226298,7475323,0.99
2283,246674,8194751,0.99
2284,255477,8421172,0.99
2285,185730,6132218,0.99
2286,160235,5264376,0.99
2287,226298,7373181,0.99
2288,192862,6349090,0.99
2289,259761,8537282,0.99
2290,216633,7065060,0.99
2291,231706,7742894,0.99
2292,257358,8395671,0.99
2293,235911,7753807,0.99
2294,304013,9950311,0.99
2295,191503,6332426,0.99
2296,271151,8994291,0.99
2297,308532,10077337,0.99
2298,326791,10866447,0.99
2299,309498,10131005,0.99
2300,324963,10714576,0.99
2301,437968,14433365,0.99
2302,209423,6818425,0.99
2303,245812,8114718,0.99
2304,333087,10790541,0.99
2305,301688,9950320,0.99
2306,154148,5032962,0.99
2307,252682,8341223,0.99
2308,212062,6989288,0.99
2309,245315,8051199,0.99
2310,269035,8885672,0.99
2311,296777,9633860,0.99
2312,199862,6610009,0.99
2313,230687,7664479,0.99
2314,247013,8219375,0.99
2315,208431,6837283,0.99
2316,220081,7260681,0.99
2317,249782,8178943,0.99
2318,233482,7669658,0.99
2319,245315,8163490,0.99
2320,208509,6898067,0.99
2321,203206,6725435,0.99
2322,194768,6414550,0.99
2323,272352,9010715,0.99
2324,229929,7577754,0.99
2325,225671,7422425,0.99
2326,220630,7285936,0.99
2327,204747,6779076,0.99
2328,172016,5676811,0.99
2329,227709,7542929,0.99
2330,260623,8591057,0.99
2331,197355,6495125,0.99
2332,229276,7574856,0.99
2333,244819,7998987,0.99
2334,138266,4503299,0.99
2335,142132,4622064,0.99
2336,121652,3995022,0.99
2337,126040,4166652,0.99
2338,180035,5873778,0.99
2339,195578,6395490,0.99
2340,293276,9618499,0.99
2341,249051,8130636,0.99
2342,158589,5164837,0.99
2343,133851,4396466,0.99
2344,203206,6628067,0.99
2345,261720,8586678,0.99
2346,177606,5836953,0.99
2347,192679,6315187,0.99
2348,232515,7657732,0.99
2349,142602,4690029,0.99
2350,196702,6507301,0.99
2351,134896,4449772,0.99
2352,165067,5620058,0.99
2353,206053,6775101,0.99
2354,175464,5826775,0.99
2355,268068,8781021,0.99
2356,244897,8040563,0.99
2357,231836,7591945,0.99
2358,243591,8148266,0.99
2359,216790,7199175,0.99
2360,295497,9805526,0.99
2361,323395,10708168,0.99
2362,217234,7129137,0.99
2363,244506,8088244,0.99
2364,240091,7971384,0.99
2365,248084,8134096,0.99
2366,283010,9308997,0.99
2367,271229,8940573,0.99
2368,264359,8682716,0.99
2369,265717,8724674,0.99
2370,282226,9312588,0.99
2371,193593,6346507,0.99
2372,279118,9220114,0.99
2373,496692,16354362,0.99
2374,71941,2382220,0.99
2375,218017,7197430,0.99
2376,259213,8501904,0.99
2377,257906,8469765,0.99
2378,312058,10235611,0.99
2379,277995,9107071,0.99
2380,232960,7690312,0.99
2381,269400,8872479,0.99
2382,193906,6333311,0.99
2383,295810,9702450,0.99
2384,224574,7483526,0.99
2385,218592,7458864,0.99
2386,317413,10395500,0.99
2387,208509,6834762,0.99
2388,217835,7148115,0.99
2389,256653,8358200,0.99
2390,369110,12280381,0.99
2391,238837,7859167,0.99
2392,270654,8958519,0.99
2393,217469,7153744,0.99
2394,255973,8357989,0.99
2395,198164,6587883,0.99
2396,321671,10568999,0.99
2397,231418,7504534,0.99
2398,163787,5278793,0.99
2399,240300,7901717,0.99
2400,157727,5225917,0.99
2401,225280,7480537,0.99
2402,292493,9551885,0.99
2403,253440,8359971,0.99
2404,112613,3722219,0.99
2405,205635,6685831,0.99
2406,299154,9862012,0.99
2407,285126,9345473,0.99
2408,240770,7898395,0.99
2409,324362,10694110,0.99
2410,667428,21753168,0.99
2411,280528,9264769,0.99
2412,519888,17076397,0.99
2413,264515,8693343,0.99
2414,175412,5767005,0.99
2415,272718,8898066,0.99
2416,133459,4360163,0.99
2417,577488,19137855,0.99
2418,202318,6683061,0.99
2419,305528,9985701,0.99
2420,592953,19736495,0.99
2421,713534,23519583,0.99
2422,628062,20614621,0.99
2423,318432,10354751,0.99
2424,233064,7566829,0.99
2425,296437,9801120,0.99
2426,638563,20939646,0.99
2427,882834,29207100,0.99
2428,475402,15289235,0.99
2429,1070027,34618222,0.99
2430,94720,3037596,0.99
2431,850259,27489067,0.99
2432,934791,30200730,0.99
2433,618344,20028702,0.99
2434,270053,8833220,0.99
2435,268408,8861921,0.99
2436,262687,8624063,0.99
2437,232594,7659017,0.99
2438,237662,7822875,0.99
2439,235232,7712845,0.99
2440,206524,6712634,0.99
2441,248137,8194906,0.99
2442,239595,7997139,0.99
2443,303934,10034711,0.99
2444,240666,7893821,0.99
2445,256992,8408803,0.99
2446,298083,9837832,0.99
2447,240561,7880256,0.99
2448,263888,8793094,0.99
2449,278987,9272272,0.99
2450,233665,7699609,0.99
2451,250122,8289200,0.99
2452,240613,8025816,0.99
2453,238628,7874774,0.99
2454,249600,8270613,0.99
2455,245629,8213710,0.99
2456,298527,9817847,0.99
2457,314723,10480391,0.99
2458,272169,8980972,0.99
2459,306390,10110351,0.99
2460,264568,8697658,0.99
2461,1071,38747,0.99
2462,254223,8479463,0.99
2463,247954,8331310,0.99
2464,317492,10511239,0.99
2465,243748,8133126,0.99
2466,279353,9196411,0.99
2467,245551,8222095,0.99
2468,292414,9805570,0.99
2469,239229,8025667,0.99
2470,254928,8484871,0.99
2471,318406,10771610,0.99
2472,189387,6200617,0.99
2473,473391,15408329,0.99
2474,226403,7405137,0.99
2475,192339,6269057,0.99
2476,192940,6320652,0.99
2477,240901,7843477,0.99
2478,192731,6304789,0.99
2479,266893,8763140,0.99
2480,176822,5696989,0.99
2481,228336,7627641,0.99
2482,229877,7523502,0.99
2483,366471,12133825,0.99
2484,249364,8215184,0.99
2485,299389,9670616,0.99
2486,399986,12866557,0.99
2487,286302,9305998,0.99
2488,261172,8576622,0.99
2489,353462,11526684,0.99
2490,270497,8883496,0.99
2491,299389,9786739,0.99
2492,202213,6596933,0.99
2493,198556,6508249,0.99
2494,190275,6187754,0.99
2495,257306,8431747,0.99
2496,263653,8728470,0.99
2497,161123,5267176,0.99
2498,255686,8351543,0.99
2499,294530,9784201,0.99
2500,261433,8590412,0.99
2501,203023,6734636,0.99
2502,242155,7844404,0.99
2503,253753,8270113,0.99
2504,250697,8025896,0.99
2505,231784,7689713,0.99
2506,238027,7744833,0.99
2507,208822,6830732,0.99
2508,297456,9660953,0.99
2509,362475,11893108,0.99
2510,225123,7313744,0.99
2511,352966,11739886,0.99
2512,312476,10274629,0.99
2513,267728,8779485,0.99
2514,248476,8289906,0.99
2515,321175,10507137,0.99
2516,320365,10425229,0.99
2517,282331,9256082,0.99
2518,253570,8317931,0.99
2519,292153,9659911,0.99
2520,347898,11379527,0.99
2521,188786,6233136,0.99
2522,232202,7597074,0.99
2523,238759,8101979,0.99
2524,275147,9151846,0.99
2525,238315,7854737,0.99
2526,240091,8101723,0.99
2527,291500,9768399,0.99
2528,338729,11365655,0.99
2529,270027,9034177,0.99
2530,264019,8958743,0.99
2531,320078,10553155,0.99
2532,144352,4706253,0.99
2533,251219,8238033,0.99
2534,281155,9254906,0.99
2535,164127,5378455,0.99
2536,256365,8438021,0.99
2537,140826,4650979,0.99
2538,336927,11085915,0.99
2539,163422,5353627,0.99
2540,201586,6650869,0.99
2541,528692,17232776,0.99
2542,310386,10170433,0.99
2543,218723,7102064,0.99
2544,245368,7989505,0.99
2545,80613,2660859,0.99
2546,364800,12018823,0.99
2547,229720,7444201,0.99
2548,333191,10894988,0.99
2549,324623,10605231,0.99
2550,314017,10229848,0.99
2551,96914,3198627,0.99
2552,194403,6317361,0.99
2553,505991,16468904,0.99
2554,63764,2056079,0.99
2555,255555,8407935,0.99
2556,228127,7503805,0.99
2557,131787,4321705,0.99
2558,249312,8224917,0.99
2559,128339,4185193,0.99
2560,211435,6985960,0.99
2561,200698,6616398,0.99
2562,205897,6733449,0.99
2563,176953,5830258,0.99
2564,320783,10535158,0.99
2565,880640,29008407,0.99
2566,513541,16839223,0.99
2567,447582,14956771,0.99
2568,526471,17300835,0.99
2569,549093,18263248,0.99
2570,583366,19464726,0.99
2571,529841,17455568,0.99
2572,286981,9442157,0.99
2573,268094,8813561,0.99
2574,222720,7284377,0.99
2575,218749,7157045,0.99
2576,389146,12749424,0.99
2577,368300,12047978,0.99
2578,372636,12222116,0.99
2579,459990,15161907,0.99
2580,404688,13250848,0.99
2581,308401,10115556,0.99
2582,359314,11740886,0.99
2583,371879,12227998,0.99
2584,505521,16501316,0.99
2585,361978,11837342,0.99
2586,275565,9008067,0.99
2587,314409,10331216,0.99
2588,233639,7672489,0.99
2589,206994,6786304,0.99
2590,337084,11049098,0.99
2591,118726,3922819,0.99
2592,180297,5949647,0.99
2593,192653,6272081,0.99
2594,227500,7555054,0.99
2595,240640,7883532,0.99
2596,195526,6399872,0.99
2597,156708,5111226,0.99
2598,159764,5245258,0.99
2599,199706,6569007,0.99
2600,189675,6329877,0.99
2601,272431,9067323,0.99
2602,324336,10746937,0.99
2603,261433,8606887,0.99
2604,268486,8889821,0.99
2605,249756,8366573,0.99
2606,217678,7195726,0.99
2607,222145,7361500,0.99
2608,187219,6188688,0.99
2609,252630,8254842,0.99
2610,216215,7061584,0.99
2611,219088,7106195,0.99
2612,235755,7650012,0.99
2613,299781,9742361,0.99
2614,289488,9412323,0.99
2615,236878,7739840,0.99
2616,300591,9787692,0.99
2617,209789,6885647,0.99
2618,262817,8563352,0.99
2619,308009,9981359,0.99
2620,231862,7571370,0.99
2621,253727,8368634,0.99
2622,312790,10196995,0.99
2623,165825,5419655,0.99
2624,230060,7555897,0.99
2625,258768,8725403,0.99
2626,256026,8371254,0.99
2627,266893,8670550,0.99
2628,257619,8412167,0.99
2629,236669,7788461,0.99
2630,241632,7846177,0.99
2631,274207,8967257,0.99
2632,326739,10729824,0.99
2633,215536,7084321,0.99
2634,238158,7777749,0.99
2635,255451,8532840,0.99
2636,368431,12010865,0.99
2637,212009,6889883,0.99
2638,282200,9204581,0.99
2639,149342,4943144,0.99
2640,215066,7040865,0.99
2641,154853,5052658,0.99
2642,153913,5069211,0.99
2643,200097,6563411,0.99
2644,428329,13963351,0.99
2645,214360,7035636,0.99
2646,142080,4663988,0.99
2647,172695,5589732,0.99
2648,137168,4512656,0.99
2649,701831,22927336,0.99
2650,192992,6330159,0.99
2651,181159,5971983,0.99
2652,291474,9647829,0.99
2653,302080,10019861,0.99
2654,241031,7956658,0.99
2655,247196,8227075,0.99
2656,261120,8646853,0.99
2657,225593,7304320,0.99
2658,181133,5986622,0.99
2659,254615,8364520,0.99
2660,300512,9880303,0.99
2661,315454,10361490,0.99
2662,293590,9636683,0.99
2663,290951,9640349,0.99
2664,179983,5855836,0.99
2665,164493,5329538,0.99
2666,132022,4265297,0.99
2667,226612,7398766,0.99
2668,164284,5357350,0.99
2669,176013,5719514,0.99
2670,167549,5422434,0.99
2671,237923,7742984,0.99
2672,226063,7442888,0.99
2673,221387,7371799,0.99
2674,197459,6433467,0.99
2675,217495,7137048,0.99
2676,49737,1618591,0.99
2677,205766,6734385,0.99
2678,382119,12528764,0.99
2679,252421,8336591,0.99
2680,365844,11982431,0.99
2681,257488,8449471,0.99
2682,325694,10725160,0.99
2683,302497,9978046,0.99
2684,376215,12345289,0.99
2685,234893,7709006,0.99
2686,215693,7099669,0.99
2687,337266,10952756,0.99
2688,287294,9498758,0.99
2689,479242,15749289,0.99
2690,230896,7639774,0.99
2691,215928,7162159,0.99
2692,196466,6492847,0.99
2693,144613,4750094,0.99
2694,172146,5689122,0.99
2695,222119,7366316,0.99
2696,327418,10677236,0.99
2697,264019,8630833,0.99
2698,256052,8459344,0.99
2699,285492,9550459,0.99
2700,268225,8920566,0.99
2701,273946,8971343,0.99
2702,249417,8197309,0.99
2703,375092,12175406,0.99
2704,249155,8273602,0.99
2705,277968,9184345,0.99
2706,205087,6711943,0.99
2707,212062,6975437,0.99
2708,315559,10295199,0.99
2709,343875,11299407,0.99
2710,222458,7245691,0.99
2711,396303,13053839,0.99
2712,306337,10005675,0.99
2713,244114,8014606,0.99
2714,241867,7846459,0.99
2715,343170,11193268,0.99
2716,169795,5568808,0.99
2717,261903,8558590,0.99
2718,277786,9082773,0.99
2719,214752,7101572,0.99
2720,205244,6719465,0.99
2721,215405,7075838,0.99
2722,317231,10351778,0.99
2723,177711,5810323,0.99
2724,298187,9712545,0.99
2725,266292,8725824,0.99
2726,317257,10351152,0.99
2727,292466,9601786,0.99
2728,250253,8183872,0.99
2729,289750,9543789,0.99
2730,343745,11085607,0.99
2731,125152,4082896,0.99
2732,161253,5234173,0.99
2733,197825,6446634,0.99
2734,228022,7409995,0.99
2735,157126,5120605,0.99
2736,149472,4835202,0.99
2737,132310,4353063,0.99
2738,164414,5329751,0.99
2739,262791,8604989,0.99
2740,197224,6452700,0.99
2741,181890,6055580,0.99
2742,204643,6736866,0.99
2743,309472,10141660,0.99
2744,513750,16855521,0.99
2745,243513,8078418,0.99
2746,289619,9458549,0.99
2747,262556,8602485,0.99
2748,161280,5256508,0.99
2749,299232,9900469,0.99
2750,338520,11160877,0.99
2781,322612,10786578,0.99
2782,230504,7668899,0.99
2783,222484,7382048,0.99
2784,218331,7267458,0.99
2785,296829,9868187,0.99
2786,199131,6566998,0.99
2787,264359,8741444,0.99
2788,245995,8143797,0.99
2789,215510,7148017,0.99
2790,158458,5285715,0.99
2791,151693,5020547,0.99
2792,191503,6349938,0.99
2793,37120,1220930,0.99
2794,184946,6157904,0.99
2795,104986,3503755,0.99
2796,189988,6308613,0.99
2797,34168,1124909,0.99
2798,195500,6486470,0.99
2799,56111,1824213,0.99
2800,212401,7069773,0.99
2801,285936,9531268,0.99
2802,293668,9776548,0.99
2803,170684,5678290,0.99
2804,195840,6472780,0.99
2805,246622,8073248,0.99
2806,213289,7067340,0.99
2807,221831,7304656,0.99
2808,208613,6883180,0.99
2809,189440,6243967,0.99
2810,183092,5999048,0.99
2811,203702,6733733,0.99
2812,224261,7453156,0.99
2813,262191,8727645,0.99
2814,207830,6893664,0.99
2815,276035,9138846,0.99
2816,209084,6939176,0.99
2817,251115,8271418,0.99
2818,156656,5277983,0.99
2820,5286953,1054423946,1.99
2821,2621708,475079441,1.99
2822,2618000,466820021,1.99
2823,2626626,483484911,1.99
2824,2631291,495262585,1.99
2839,2611986,515671080,1.99
2845,2605647,510058181,1.99
2848,2602852,505133869,1.99
2857,2636970,513691652,1.99
2858,2548875,217124866,1.99
2859,2612250,543342028,1.99
2860,2564958,502663995,1.99
2861,2436583,204995876,1.99
2863,2563980,502041019,1.99
2864,2609083,500600434,1.99
2865,2627105,210526410,1.99
2867,2609192,498163145,1.99
2868,2587370,207748198,1.99
2869,2563833,500330548,1.99
2870,2637500,505647192,1.99
2871,2571965,201654606,1.99
2872,2587041,537348711,1.99
2873,2590032,210379525,1.99
2874,2627791,504676825,1.99
2877,2631327,228896396,1.99
2878,2610625,535256753,1.99
2879,2564916,475656544,1.99
2880,2615244,223756475,1.99
2883,2612894,207045178,1.99
2884,2610250,484583988,1.99
2885,2590459,223623810,1.99
2887,2610416,487401604,1.99
2888,2555492,211743651,1.99
2893,2616410,183867185,1.99
2894,2619462,207607466,1.99
2896,2679583,518376636,1.99
2898,2618530,219961967,1.99
2901,2515882,210675221,1.99
2904,2619887,206500939,1.99
2906,2604575,215441983,1.99
2910,2825166,574325829,1.99
2911,2609772,214709143,1.99
2913,2582009,214996732,1.99
2914,2639541,517979269,1.99
2915,2618487,212039309,1.99
2917,2617784,214130273,1.99
2918,2782333,528227089,1.99
2919,2618619,213772057,1.99
2920,2763666,531556853,1.99
2921,2620747,213107744,1.99
2923,2605557,208667059,1.99
2924,2656531,503619265,1.99
2925,2619869,197937785,1.99
2926,276349,9056902,0.99
2927,221361,7279392,0.99
2928,276192,9158892,0.99
2929,278700,9132485,0.99
2930,316551,10304369,0.99
2931,349492,11527614,0.99
2932,268982,8825399,0.99
2933,243826,8062057,0.99
2934,232463,7612124,0.99
2935,330788,10754631,0.99
2936,270288,8824723,0.99
2937,263497,8531766,0.99
2938,248163,8056723,0.99
2939,272378,8997366,0.99
2940,227552,7479414,0.99
2941,296280,9800861,0.99
2942,266893,8765761,0.99
2943,219271,7189647,0.99
2944,226768,7466069,0.99
2945,288496,9476171,0.99
2946,257776,8500491,0.99
2947,330370,10862323,0.99
2948,330657,10877148,0.99
2949,234788,7717990,0.99
2950,196702,6392710,0.99
2951,185103,6154896,0.99
2952,282671,9328802,0.99
2953,213289,6834107,0.99
2954,287895,9488294,0.99
2955,202631,6708932,0.99
2956,294164,9597568,0.99
2957,289253,9523336,0.99
2958,277760,9015513,0.99
2959,242364,8027028,0.99
2960,279875,9199746,0.99
2961,179879,5899070,0.99
2962,274546,9015416,0.99
2963,153965,5083523,0.99
2964,194612,6329502,0.99
2965,239124,7760916,0.99
2966,308976,10112863,0.99
2967,290690,9476723,0.99
2968,347951,11432026,0.99
2969,219141,7198014,0.99
2970,270132,8938285,0.99
2971,303568,9892349,0.99
2972,231680,7512912,0.99
2973,281443,9230041,0.99
2974,262034,8636998,0.99
2975,319582,10442206,0.99
2976,307539,10122694,0.99
2977,349178,11583042,0.99
2978,322533,10563329,0.99
2979,276924,9082838,0.99
2980,285753,9401017,0.99
2981,266866,8746301,0.99
2982,293041,9741603,0.99
2983,280555,9274144,0.99
2984,315167,10227333,0.99
2985,302602,9909484,0.99
2986,292832,9515903,0.99
2987,187350,6097636,0.99
2988,186044,5990280,0.99
2989,179226,5874535,0.99
2990,382458,12494987,0.99
2991,264568,8623572,0.99
2992,353567,11542247,0.99
2993,38164,1249764,0.99
2994,349831,11450194,0.99
2995,267807,8806361,0.99
2996,229276,7498022,0.99
2997,384522,12508716,0.99
2998,255869,8340954,0.99
2999,303360,9867748,0.99
3000,195604,6497570,0.99
3001,43232,1385810,0.99
3002,337005,10993607,0.99
3003,390243,12729820,0.99
3004,230243,7549085,0.99
3005,258925,8491818,0.99
3006,299023,9765188,0.99
3007,280764,9306737,0.99
3008,282174,9269668,0.99
3009,351817,11628058,0.99
3010,276218,9042305,0.99
3011,218253,7184825,0.99
3012,295183,9684664,0.99
3013,183066,6071385,0.99
3014,179853,5893206,0.99
3015,258194,8479525,0.99
3016,230217,7527339,0.99
3017,591986,19202252,0.99
3018,278204,9140849,0.99
3019,191582,6352121,0.99
3020,336274,11054732,0.99
3021,287294,9365379,0.99
3022,254458,8457066,0.99
3023,221283,7374043,0.99
3024,243487,7998323,0.99
3025,225854,7453704,0.99
3026,333505,11221406,0.99
3027,157962,5251767,0.99
3028,392359,12807979,0.99
3029,241998,7942573,0.99
3030,260284,8577861,0.99
3031,418324,13988878,0.99
3032,298475,9785480,0.99
3033,320287,10609581,0.99
3034,257436,8417690,0.99
3035,225697,7247651,0.99
3036,324440,10652877,0.99
3037,283951,9258717,0.99
3052,186723,6063937,0.99
3053,210259,6872314,0.99
3054,82860,2650998,0.99
3055,206968,6803255,0.99
3056,100153,3282142,0.99
3057,174680,5665828,0.99
3058,225985,7461499,0.99
3059,42240,1439530,0.99
3060,228806,7453043,0.99
3061,165146,5489609,0.99
3062,201116,6551013,0.99
3063,65488,2111141,0.99
3064,102164,3272891,0.99
3065,228336,7569506,0.99
3066,215902,7061901,0.99
3067,185965,6087433,0.99
3068,213968,7011402,0.99
3069,208953,6777078,0.99
3070,241711,7911090,0.99
3071,211853,6921784,0.99
3072,227761,7457655,0.99
3073,291813,9504119,0.99
3074,338991,11049966,0.99
3075,321854,10366978,0.99
3076,321828,10503352,0.99
3077,248502,8107896,0.99
3078,308950,10014683,0.99
3079,315376,10355753,0.99
3080,366053,12013467,0.99
3081,216032,7056863,0.99
3082,102556,3286026,0.99
3083,158589,5194092,0.99
3084,230060,7617284,0.99
3085,226507,7373922,0.99
3086,210546,6946086,0.99
3087,182073,5908861,0.99
3088,222850,7293608,0.99
3089,203258,6648122,0.99
3090,200306,6573145,0.99
3091,180636,5879235,0.99
3092,105639,3495897,0.99
3093,390295,12619558,0.99
3094,330788,10743970,0.99
3095,324414,10524554,0.99
3096,327392,10709202,0.99
3097,462837,15378082,0.99
3098,331728,10846768,0.99
3099,342491,11161521,0.99
3100,514612,16621333,0.99
3101,86987,2812555,0.99
3102,342282,11212955,0.99
3103,363937,11716855,0.99
3104,267859,8738780,0.99
3105,235911,7693331,0.99
3106,265613,8673442,0.99
3107,257750,8483347,0.99
3108,221701,7252876,0.99
3109,270889,8823096,0.99
3110,223033,7237986,0.99
3111,255921,8365328,0.99
3112,247954,8053388,0.99
3113,335412,10991094,0.99
3114,248398,8118785,0.99
3115,237844,7732982,0.99
3116,348786,11412762,0.99
3132,398210,13043817,0.99
3133,233874,7652473,0.99
3134,283924,9262360,0.99
3135,259395,8490428,0.99
3136,391941,12769847,0.99
3137,251141,8162193,0.99
3138,202475,6615152,0.99
3139,367255,11961332,0.99
3140,317074,10326997,0.99
3141,250853,8176847,0.99
3142,262791,8606504,0.99
3143,337005,10931921,0.99
3144,250801,8129820,0.99
3145,273737,8919163,0.99
3172,1380833,290482361,1.99
3173,1306416,257879716,1.99
3174,1321791,260493577,1.99
3175,1317125,266203162,1.99
3176,1323541,267464180,1.99
3177,1325458,267836576,1.99
3178,1253541,246845576,1.99
3179,1294541,273069146,1.99
3180,1290458,256247623,1.99
3181,1288166,266856017,1.99
3182,1315333,249205209,1.99
3183,1320028,277149457,1.99
3184,1299341,253836788,1.99
3185,1292458,256143822,1.99
3186,1328870,265101113,1.99
3187,1282115,260891300,1.99
3188,1267958,252518021,1.99
3189,1275275,253912762,1.99
3190,1264875,253143200,1.99
3191,1264375,256477011,1.99
3192,1278333,255245729,1.99
3193,1270375,253552710,1.99
3194,1278041,255001728,1.99
3195,1268333,253451012,1.99
3196,1237791,247238398,1.99
3197,1278625,244626927,1.99
3198,1274583,253808658,1.99
3199,1712791,327642458,1.99
3200,1326534,276942637,1.99
3201,1297213,255117055,1.99
3202,1276526,267205501,1.99
3203,1282615,256912833,1.99
3204,1280113,251728257,1.99
3205,1279904,252726644,1.99
3206,1822781,358761786,1.99
3207,1801926,345960631,1.99
3225,310774,5126563,0.99
3250,2484567,492670102,1.99
3253,193188,3150090,0.99
3254,278312,4506425,0.99
3255,287740,4656660,0.99
3256,274644,4448025,0.99
3257,281424,4556003,0.99
3258,215084,3499018,0.99
3259,240719,3907467,0.99
3260,232778,3780807,0.99
3261,159473,2612788,0.99
3262,192329,3136271,0.99
3263,210348,3423395,0.99
3264,239094,3881620,0.99
3265,265449,4301430,0.99
3266,213018,3466029,0.99
3267,219078,3562542,0.99
3268,227995,3704642,0.99
3269,156059,2558399,0.99
3270,198645,3237063,0.99
3271,149093,2447453,0.99
3272,187546,3060083,0.99
3273,215549,3506308,0.99
3274,260410,4221135,0.99
3275,236911,3846658,0.99
3276,340890,5489313,0.99
3277,295960,4773171,0.99
3278,364180,5860455,0.99
3279,392764,6315916,0.99
3280,515435,8270194,0.99
3281,282678,4561796,0.99
3282,335248,5399456,0.99
3283,354706,5709700,0.99
3284,258343,4173799,0.99
3285,333622,5373633,0.99
3286,552308,8858616,0.99
3287,189171,3071042,0.99
3288,255766,4300973,0.99
3289,240325,4050259,0.99
3290,332740,5550779,0.99
3291,339125,5654493,0.99
3292,390674,6491444,0.99
3293,251865,4237651,0.99
3294,325774,5437651,0.99
3295,231246,3902834,0.99
3296,205332,3482099,0.99
3297,287229,4811894,0.99
3298,315325,5268002,0.99
3299,273041,4581492,0.99
3300,217835,8715653,0.99
3301,69120,2767047,0.99
3302,182230,7291473,0.99
3303,216633,8667599,0.99
3304,7941,319888,0.99
3305,219402,8778369,0.99
3306,218331,8735518,0.99
3307,155611,6226713,0.99
3308,114520,4583091,0.99
3309,238393,9537994,0.99
3310,21211,850698,0.99
3311,190432,7619569,0.99
3312,170475,6821279,0.99
3313,163030,6523458,0.99
3314,170213,6810820,0.99
3315,239908,9598588,0.99
3316,200620,8027065,0.99
3317,236120,9447101,0.99
3318,237035,9483705,0.99
3319,300564,12024875,0.99
3320,143830,5755478,0.99
3321,359000,14362307,0.99
3322,269740,10791921,0.99
3323,304143,12168015,0.99
3324,212323,8495217,0.99
3325,285727,11431382,0.99
3326,237426,9499371,0.99
3327,226142,9047970,0.99
3328,232881,9317533,0.99
3329,221570,8865099,0.99
3330,328751,13152314,0.99
3331,254484,10181692,0.99
3332,237322,9495184,0.99
3333,221805,8874509,0.99
3334,274651,10988338,0.99
3335,318484,12741680,0.99
3343,2608817,501061240,1.99
3346,2588797,506458858,1.99
3347,2612028,504132981,1.99
3349,246503,4011615,0.99
3350,307385,4821485,0.99
3351,285837,4615841,0.99
3352,327122,5327463,0.99
3353,212044,3453849,0.99
3354,300605,4855457,0.99
3355,199923,3240609,0.99
3357,266936,4292028,0.99
3358,366085,6034098,0.99
3359,356426,5817216,0.99
3403,245317,4123531,0.99
3404,501503,8285941,0.99
3405,271788,4438393,0.99
3406,199086,3347810,0.99
3407,193722,3192890,0.99
3408,120463,2081895,0.99
3409,143288,2315495,0.99
3410,582029,9553140,0.99
3411,197135,3247914,0.99
3412,348971,5760129,0.99
3413,394482,6474980,0.99
3414,306687,10085867,0.99
3415,392462,6419730,0.99
3416,338243,5605648,0.99
3417,274504,4498583,0.99
3418,189008,3114209,0.99
3419,258924,4314850,0.99
3420,304226,5184289,0.99
3421,250031,4124707,0.99
3422,277639,4588197,0.99
3423,522099,8547876,0.99
3424,176911,2920890,0.99
3425,596519,9585597,0.99
3426,156710,2630293,0.99
3427,198064,3211245,0.99
3430,153901,2649938,0.99
3431,254001,4195542,0.99
3432,545203,8916313,0.99
3433,307244,5064553,0.99
3434,560342,9160082,0.99
3435,243436,4001276,0.99
3436,406000,5908455,0.99
3437,391000,6318740,0.99
3438,268066,4513190,0.99
3439,223583,3700206,0.99
3440,483133,7865479,0.99
3441,254930,4310896,0.99
3442,412000,6965201,0.99
3443,240666,4244149,0.99
3444,275015,4519239,0.99
3445,526696,8610225,0.99
3446,561967,9173344,0.99
3447,132932,2189002,0.99
3448,69194,1208080,0.99
3449,120000,2193734,0.99
3450,253422,4298769,0.99
3451,174813,2861468,0.99
3452,101293,3819535,0.99
3453,253281,4211495,0.99
3454,362933,6173269,0.99
3467,234200,3832165,0.99
3468,409906,6657517,0.99
3469,200253,3324343,0.99
3470,129666,2190831,0.99
3471,167933,2773507,0.99
3472,315960,5211774,0.99
3473,199160,3281526,0.99
3474,204846,3358125,0.99
3475,209573,3426106,0.99
3476,300884,5029266,0.99
3477,663426,10564704,0.99
3479,339567,10887931,0.99
3480,299350,9785346,0.99
3481,387826,6497867,0.99
3482,225933,3847164,0.99
3483,110266,1973559,0.99
3484,289388,4781384,0.99
3485,567494,9273123,0.99
3486,364296,5987695,0.99
3487,385506,6458501,0.99
3488,142081,2365930,0.99
3489,376510,6129146,0.99
3490,285673,4744929,0.99
3491,234746,4072205,0.99
3492,133768,2256484,0.99
3493,333669,5548755,0.99
3494,286998,4834785,0.99
3495,265541,4371533,0.99
3496,51780,2229617,0.99
3497,261849,4307907,0.99
3498,493573,16454937,0.99
3499,286741,4718950,0.99
3500,139200,2283131,0.99
3501,66639,1189062,0.99
3502,221331,3665114,0.99
3503,206005,3305164,0.99
